CASEID,PSU,CASENO,CASENUMBER,CATEGORY,VEHNO,ADAPT,CASEWGT,PSUSTRAT,VERSION
24883,52,18,1-52-2022-018-03,3,1,1,20.11207086,12,7
24883,52,18,1-52-2022-018-03,3,1,3,20.11207086,12,7
24883,52,18,1-52-2022-018-03,3,1,7,20.11207086,12,7
