CASEID,PSU,CASENO,CASENUMBER,CATEGORY,VEHNO,ADAPT,CASEWGT,PSUSTRAT,VERSION
16225,21,7,1-21-2020-007-05,5,4,3,70.2602294420719,11,5
17653,59,24,1-59-2020-024-04,4,2,7,620.725101382898,6,5
17653,59,24,1-59-2020-024-04,4,2,98,620.725101382898,6,5
19753,52,177,1-52-2020-177-06,6,1,3,217.703499651516,12,5
