CASEID,PSU,CASENO,CASENUMBER,CATEGORY,VEHNO,ADAPT,CASEWGT,PSUSTRAT,VERSION
20834,17,13,1-17-2021-013-10,10,1,3,2111.33408641052,4,6
21478,19,56,1-19-2021-056-03,3,2,9,97.8905713512993,9,6
22734,23,78,1-23-2021-078-06,6,1,19,208.198722103879,5,6
23226,52,146,1-52-2021-146-01,1,1,2,25.1488657447521,12,6
